evaluation_policy,split_strategy,task_family,folds_combined,seeds,ensemble_seed_count,n,r2,rmse,mae,huber_loss,task_count,tasks,source_result
chemical_holdout_f100_5seed,fixed_chemical_holdout,ECx,fixed_test,42;1042;2042;3042;4042,5,510,0.6295468121632488,1.048742581614696,0.791822550597379,0.4389031536988447,6,ECx_GeneticDamage;ECx_Growth;ECx_Mortality;ECx_Physiology;ECx_Population;ECx_Reproduction,v1.2.12_anchor
chemical_holdout_f100_5seed,fixed_chemical_holdout,LOEC,fixed_test,42;1042;2042;3042;4042,5,1027,0.5484471250008038,1.2720864486497776,0.9590907516525592,0.5810586165797266,12,LOEC_Accumulation;LOEC_Behavior;LOEC_Biochemical;LOEC_Development;LOEC_GeneticDamage;LOEC_Growth;LOEC_Injury;LOEC_Morphology;LOEC_Mortality;LOEC_Physiology;LOEC_Population;LOEC_Reproduction,v1.2.12_anchor
chemical_holdout_f100_5seed,fixed_chemical_holdout,NOEC,fixed_test,42;1042;2042;3042;4042,5,1057,0.4876690084633975,1.2850461003673832,0.962805144680462,0.5887811922282004,12,NOEC_Accumulation;NOEC_Behavior;NOEC_Biochemical;NOEC_Development;NOEC_GeneticDamage;NOEC_Growth;NOEC_Injury;NOEC_Morphology;NOEC_Mortality;NOEC_Physiology;NOEC_Population;NOEC_Reproduction,v1.2.12_anchor
random_5fold_3seed,random_5fold,ECx,fold1;fold2;fold3;fold4;fold5,42;1042;2042,3,2805,0.8192755496917079,0.7454249429377886,0.501928617536262,0.2189787241326888,6,ECx_GeneticDamage;ECx_Growth;ECx_Mortality;ECx_Physiology;ECx_Population;ECx_Reproduction,v1.2.16_random_split_3seed
random_5fold_3seed,random_5fold,LOEC,fold1;fold2;fold3;fold4;fold5,42;1042;2042,3,6279,0.7710385330415029,0.9062636150229014,0.6358044927868234,0.316299559546988,12,LOEC_Accumulation;LOEC_Behavior;LOEC_Biochemical;LOEC_Development;LOEC_GeneticDamage;LOEC_Growth;LOEC_Injury;LOEC_Morphology;LOEC_Mortality;LOEC_Physiology;LOEC_Population;LOEC_Reproduction,v1.2.16_random_split_3seed
random_5fold_3seed,random_5fold,NOEC,fold1;fold2;fold3;fold4;fold5,42;1042;2042,3,6546,0.7810902163632036,0.860525566163897,0.6121013115086763,0.2973163139538986,12,NOEC_Accumulation;NOEC_Behavior;NOEC_Biochemical;NOEC_Development;NOEC_GeneticDamage;NOEC_Growth;NOEC_Injury;NOEC_Morphology;NOEC_Mortality;NOEC_Physiology;NOEC_Population;NOEC_Reproduction,v1.2.16_random_split_3seed
random_8_2_3seed,random_8_2,ECx,holdout,42;1042;2042,3,580,0.8124640192196168,0.7529069238083909,0.5006639168852913,0.2188306607263237,6,ECx_GeneticDamage;ECx_Growth;ECx_Mortality;ECx_Physiology;ECx_Population;ECx_Reproduction,v1.2.16_random_split_3seed
random_8_2_3seed,random_8_2,LOEC,holdout,42;1042;2042,3,1296,0.771215296694662,0.8990133208147433,0.6289141426093569,0.3147994680164521,12,LOEC_Accumulation;LOEC_Behavior;LOEC_Biochemical;LOEC_Development;LOEC_GeneticDamage;LOEC_Growth;LOEC_Injury;LOEC_Morphology;LOEC_Mortality;LOEC_Physiology;LOEC_Population;LOEC_Reproduction,v1.2.16_random_split_3seed
random_8_2_3seed,random_8_2,NOEC,holdout,42;1042;2042,3,1289,0.7692723163734947,0.883412760360858,0.6287251928141329,0.3105808826990608,12,NOEC_Accumulation;NOEC_Behavior;NOEC_Biochemical;NOEC_Development;NOEC_GeneticDamage;NOEC_Growth;NOEC_Injury;NOEC_Morphology;NOEC_Mortality;NOEC_Physiology;NOEC_Population;NOEC_Reproduction,v1.2.16_random_split_3seed
