evaluation_policy,split_strategy,task_family,task_head,folds_combined,seeds,ensemble_seed_count,n,r2,rmse,mae,huber_loss,source_result
chemical_holdout_f100_5seed,fixed_chemical_holdout,ECx,ECx_GeneticDamage,fixed_test,42;1042;2042;3042;4042,5,3,-1.7726508902682547,0.5972087047568976,0.5933827483808883,0.1783291185187056,v1.2.12_anchor
chemical_holdout_f100_5seed,fixed_chemical_holdout,ECx,ECx_Growth,fixed_test,42;1042;2042;3042;4042,5,234,0.5129602831184599,1.0274972436241958,0.7688256812064024,0.4268919204222351,v1.2.12_anchor
chemical_holdout_f100_5seed,fixed_chemical_holdout,ECx,ECx_Mortality,fixed_test,42;1042;2042;3042;4042,5,154,0.6056657117665725,1.1444452925787354,0.8835878640010246,0.4996304789197461,v1.2.12_anchor
chemical_holdout_f100_5seed,fixed_chemical_holdout,ECx,ECx_Physiology,fixed_test,42;1042;2042;3042;4042,5,20,0.8631807073490136,0.2951652405669565,0.2375299552089416,0.0435612596194746,v1.2.12_anchor
chemical_holdout_f100_5seed,fixed_chemical_holdout,ECx,ECx_Population,fixed_test,42;1042;2042;3042;4042,5,5,-0.1326810306159891,1.569523904059389,1.2988652141811348,0.8696313669697424,v1.2.12_anchor
chemical_holdout_f100_5seed,fixed_chemical_holdout,ECx,ECx_Reproduction,fixed_test,42;1042;2042;3042;4042,5,94,0.644954259592815,1.016103050341631,0.7960285843189379,0.4388344241614101,v1.2.12_anchor
chemical_holdout_f100_5seed,fixed_chemical_holdout,LOEC,LOEC_Accumulation,fixed_test,42;1042;2042;3042;4042,5,26,0.3126904923639331,1.2114465930035894,0.8618664828954492,0.490130699894311,v1.2.12_anchor
chemical_holdout_f100_5seed,fixed_chemical_holdout,LOEC,LOEC_Behavior,fixed_test,42;1042;2042;3042;4042,5,7,0.6936229354625228,1.3833760409914342,1.024362817274055,0.6813658127152927,v1.2.12_anchor
chemical_holdout_f100_5seed,fixed_chemical_holdout,LOEC,LOEC_Biochemical,fixed_test,42;1042;2042;3042;4042,5,244,0.5505038811373109,1.2577303366071453,0.974344535713114,0.5838213313490974,v1.2.12_anchor
chemical_holdout_f100_5seed,fixed_chemical_holdout,LOEC,LOEC_Development,fixed_test,42;1042;2042;3042;4042,5,40,0.4007025267968764,1.0805922912781736,0.8850665119072293,0.4945082892594097,v1.2.12_anchor
chemical_holdout_f100_5seed,fixed_chemical_holdout,LOEC,LOEC_GeneticDamage,fixed_test,42;1042;2042;3042;4042,5,83,0.6297655371988986,1.2224154761232588,0.889972230481535,0.5230626579887668,v1.2.12_anchor
chemical_holdout_f100_5seed,fixed_chemical_holdout,LOEC,LOEC_Growth,fixed_test,42;1042;2042;3042;4042,5,298,0.411621009560937,1.3093768495827285,0.9741812638590874,0.5988568273536325,v1.2.12_anchor
chemical_holdout_f100_5seed,fixed_chemical_holdout,LOEC,LOEC_Injury,fixed_test,42;1042;2042;3042;4042,5,11,0.4429990933140293,1.9247798628349944,1.5717627705029216,1.1655619304621934,v1.2.12_anchor
chemical_holdout_f100_5seed,fixed_chemical_holdout,LOEC,LOEC_Morphology,fixed_test,42;1042;2042;3042;4042,5,16,0.5373825548288323,0.978752405906629,0.743861057589642,0.3910675587743277,v1.2.12_anchor
chemical_holdout_f100_5seed,fixed_chemical_holdout,LOEC,LOEC_Mortality,fixed_test,42;1042;2042;3042;4042,5,26,0.6078787248871205,1.3868591404373252,1.0614572200367631,0.6730572304412777,v1.2.12_anchor
chemical_holdout_f100_5seed,fixed_chemical_holdout,LOEC,LOEC_Physiology,fixed_test,42;1042;2042;3042;4042,5,66,0.5940068847646971,1.3147147405494894,0.9931018372585608,0.6032981399431986,v1.2.12_anchor
chemical_holdout_f100_5seed,fixed_chemical_holdout,LOEC,LOEC_Population,fixed_test,42;1042;2042;3042;4042,5,90,0.4673716765760574,1.243786294398327,0.8898104804490206,0.5472053467443604,v1.2.12_anchor
chemical_holdout_f100_5seed,fixed_chemical_holdout,LOEC,LOEC_Reproduction,fixed_test,42;1042;2042;3042;4042,5,120,0.4204336522083113,1.235983802041399,0.9639497925276214,0.5790338345576964,v1.2.12_anchor
chemical_holdout_f100_5seed,fixed_chemical_holdout,NOEC,NOEC_Accumulation,fixed_test,42;1042;2042;3042;4042,5,10,0.3711442024617472,0.8562838418926906,0.6972172316623655,0.3490226615507507,v1.2.12_anchor
chemical_holdout_f100_5seed,fixed_chemical_holdout,NOEC,NOEC_Behavior,fixed_test,42;1042;2042;3042;4042,5,9,0.8124426904634834,1.205166907595056,1.0025728064745176,0.5813830825885553,v1.2.12_anchor
chemical_holdout_f100_5seed,fixed_chemical_holdout,NOEC,NOEC_Biochemical,fixed_test,42;1042;2042;3042;4042,5,175,0.4187740957107215,1.357853916631764,1.0078676534185098,0.6226289202954706,v1.2.12_anchor
chemical_holdout_f100_5seed,fixed_chemical_holdout,NOEC,NOEC_Development,fixed_test,42;1042;2042;3042;4042,5,40,0.3774962368476954,1.1547968211300308,0.8831673672669054,0.5240972943632326,v1.2.12_anchor
chemical_holdout_f100_5seed,fixed_chemical_holdout,NOEC,NOEC_GeneticDamage,fixed_test,42;1042;2042;3042;4042,5,50,0.2463588543862689,1.1853757597175123,0.9319364595930224,0.5398218707245646,v1.2.12_anchor
chemical_holdout_f100_5seed,fixed_chemical_holdout,NOEC,NOEC_Growth,fixed_test,42;1042;2042;3042;4042,5,353,0.3876467965729244,1.3652552501209332,1.051626549483386,0.6542239797268462,v1.2.12_anchor
chemical_holdout_f100_5seed,fixed_chemical_holdout,NOEC,NOEC_Injury,fixed_test,42;1042;2042;3042;4042,5,7,0.8617965224816059,0.9426936565513444,0.5962971758221672,0.362779530895677,v1.2.12_anchor
chemical_holdout_f100_5seed,fixed_chemical_holdout,NOEC,NOEC_Morphology,fixed_test,42;1042;2042;3042;4042,5,19,0.1356005972821707,1.4397689271673513,1.1049576786222617,0.7046261744443445,v1.2.12_anchor
chemical_holdout_f100_5seed,fixed_chemical_holdout,NOEC,NOEC_Mortality,fixed_test,42;1042;2042;3042;4042,5,74,0.6461926770037677,0.9358506653397844,0.6023803282991856,0.3314392573777253,v1.2.12_anchor
chemical_holdout_f100_5seed,fixed_chemical_holdout,NOEC,NOEC_Physiology,fixed_test,42;1042;2042;3042;4042,5,68,0.4823279688834166,1.4309125974219112,1.0828071589431183,0.6909724656403673,v1.2.12_anchor
chemical_holdout_f100_5seed,fixed_chemical_holdout,NOEC,NOEC_Population,fixed_test,42;1042;2042;3042;4042,5,97,0.4534180055741839,1.301891742242861,0.9786890107751696,0.6163132811138243,v1.2.12_anchor
chemical_holdout_f100_5seed,fixed_chemical_holdout,NOEC,NOEC_Reproduction,fixed_test,42;1042;2042;3042;4042,5,155,0.4575896549405086,1.1550428625658602,0.8635938070587799,0.5067132878200762,v1.2.12_anchor
random_5fold_3seed,random_5fold,ECx,ECx_GeneticDamage,fold1;fold2;fold3;fold4;fold5,42;1042;2042,3,300,0.2841208875892017,0.2389071540370262,0.1881346054280578,0.0285383141250356,v1.2.16_random_split_3seed
random_5fold_3seed,random_5fold,ECx,ECx_Growth,fold1;fold2;fold3;fold4;fold5,42;1042;2042,3,1247,0.8180537857977958,0.695916426843735,0.5098297724115578,0.2100902523729842,v1.2.16_random_split_3seed
random_5fold_3seed,random_5fold,ECx,ECx_Mortality,fold1;fold2;fold3;fold4;fold5,42;1042;2042,3,505,0.6788971053017746,1.0992043848536863,0.6952784262791458,0.3867232162973172,v1.2.16_random_split_3seed
random_5fold_3seed,random_5fold,ECx,ECx_Physiology,fold1;fold2;fold3;fold4;fold5,42;1042;2042,3,79,0.8775236933629074,0.4284556914326241,0.2550214816475113,0.0832880416336483,v1.2.16_random_split_3seed
random_5fold_3seed,random_5fold,ECx,ECx_Population,fold1;fold2;fold3;fold4;fold5,42;1042;2042,3,103,0.668050016810338,0.7944893717323195,0.5863181066526248,0.2733621624869486,v1.2.16_random_split_3seed
random_5fold_3seed,random_5fold,ECx,ECx_Reproduction,fold1;fold2;fold3;fold4;fold5,42;1042;2042,3,571,0.8799439833352455,0.6588920844724865,0.4974756515888658,0.1990542907008948,v1.2.16_random_split_3seed
random_5fold_3seed,random_5fold,LOEC,LOEC_Accumulation,fold1;fold2;fold3;fold4;fold5,42;1042;2042,3,233,0.5828666376179635,1.0203698775480967,0.7229261130989822,0.3832860561515406,v1.2.16_random_split_3seed
random_5fold_3seed,random_5fold,LOEC,LOEC_Behavior,fold1;fold2;fold3;fold4;fold5,42;1042;2042,3,53,0.8224673215489079,1.0079402019600732,0.8227469529292213,0.4327381033497278,v1.2.16_random_split_3seed
random_5fold_3seed,random_5fold,LOEC,LOEC_Biochemical,fold1;fold2;fold3;fold4;fold5,42;1042;2042,3,1438,0.7989396371364297,0.8855259075900775,0.6066824087708483,0.2941526431612519,v1.2.16_random_split_3seed
random_5fold_3seed,random_5fold,LOEC,LOEC_Development,fold1;fold2;fold3;fold4;fold5,42;1042;2042,3,201,0.7125195441249508,0.8434018318724628,0.5987034397899296,0.291384768527053,v1.2.16_random_split_3seed
random_5fold_3seed,random_5fold,LOEC,LOEC_GeneticDamage,fold1;fold2;fold3;fold4;fold5,42;1042;2042,3,414,0.7897619872830641,0.9169744755878848,0.6432238907373452,0.3246303969642461,v1.2.16_random_split_3seed
random_5fold_3seed,random_5fold,LOEC,LOEC_Growth,fold1;fold2;fold3;fold4;fold5,42;1042;2042,3,2003,0.7051594195935683,0.9494257624013942,0.6714908170543992,0.3413267194216517,v1.2.16_random_split_3seed
random_5fold_3seed,random_5fold,LOEC,LOEC_Injury,fold1;fold2;fold3;fold4;fold5,42;1042;2042,3,51,0.8281375705123097,0.9941911676242002,0.7411847064274388,0.3951717387305256,v1.2.16_random_split_3seed
random_5fold_3seed,random_5fold,LOEC,LOEC_Morphology,fold1;fold2;fold3;fold4;fold5,42;1042;2042,3,95,0.794112363295846,0.8059150414217392,0.6187853251977242,0.2807023072509298,v1.2.16_random_split_3seed
random_5fold_3seed,random_5fold,LOEC,LOEC_Mortality,fold1;fold2;fold3;fold4;fold5,42;1042;2042,3,113,0.8447597627744609,0.8062370673790858,0.5577708273171051,0.2650305635765533,v1.2.16_random_split_3seed
random_5fold_3seed,random_5fold,LOEC,LOEC_Physiology,fold1;fold2;fold3;fold4;fold5,42;1042;2042,3,559,0.7553460433851328,0.9075624738950736,0.6454738141688919,0.3214630895944472,v1.2.16_random_split_3seed
random_5fold_3seed,random_5fold,LOEC,LOEC_Population,fold1;fold2;fold3;fold4;fold5,42;1042;2042,3,501,0.8124332476561444,0.8081086256443274,0.5382847694124724,0.2590242336844569,v1.2.16_random_split_3seed
random_5fold_3seed,random_5fold,LOEC,LOEC_Reproduction,fold1;fold2;fold3;fold4;fold5,42;1042;2042,3,618,0.7597346306965072,0.8657473974355717,0.624621171215532,0.3040970573505734,v1.2.16_random_split_3seed
random_5fold_3seed,random_5fold,NOEC,NOEC_Accumulation,fold1;fold2;fold3;fold4;fold5,42;1042;2042,3,81,0.6421853624683248,0.8272406036157294,0.6539090538190329,0.307927629046968,v1.2.16_random_split_3seed
random_5fold_3seed,random_5fold,NOEC,NOEC_Behavior,fold1;fold2;fold3;fold4;fold5,42;1042;2042,3,64,0.841837069294702,0.9431368066714376,0.7316992441509365,0.3796940931166129,v1.2.16_random_split_3seed
random_5fold_3seed,random_5fold,NOEC,NOEC_Biochemical,fold1;fold2;fold3;fold4;fold5,42;1042;2042,3,1067,0.8243440567359771,0.8146880785105816,0.5790828127994461,0.2678351485702822,v1.2.16_random_split_3seed
random_5fold_3seed,random_5fold,NOEC,NOEC_Development,fold1;fold2;fold3;fold4;fold5,42;1042;2042,3,231,0.7211087293778209,0.8038157281806222,0.5312579863493596,0.2576498896902903,v1.2.16_random_split_3seed
random_5fold_3seed,random_5fold,NOEC,NOEC_GeneticDamage,fold1;fold2;fold3;fold4;fold5,42;1042;2042,3,278,0.7646241526924931,0.8944502486421663,0.6475366901165264,0.3181200904959612,v1.2.16_random_split_3seed
random_5fold_3seed,random_5fold,NOEC,NOEC_Growth,fold1;fold2;fold3;fold4;fold5,42;1042;2042,3,2401,0.7520874683356855,0.911482042905092,0.6579898577147157,0.3286400851130822,v1.2.16_random_split_3seed
random_5fold_3seed,random_5fold,NOEC,NOEC_Injury,fold1;fold2;fold3;fold4;fold5,42;1042;2042,3,50,0.7561929099342739,0.9650736161730288,0.7220532152755061,0.386483271753044,v1.2.16_random_split_3seed
random_5fold_3seed,random_5fold,NOEC,NOEC_Morphology,fold1;fold2;fold3;fold4;fold5,42;1042;2042,3,124,0.7313140801602716,0.8277988607760456,0.6101403500514424,0.2941694746033207,v1.2.16_random_split_3seed
random_5fold_3seed,random_5fold,NOEC,NOEC_Mortality,fold1;fold2;fold3;fold4;fold5,42;1042;2042,3,296,0.785753198611102,0.7035852093477531,0.4685780761558627,0.2085583945229642,v1.2.16_random_split_3seed
random_5fold_3seed,random_5fold,NOEC,NOEC_Physiology,fold1;fold2;fold3;fold4;fold5,42;1042;2042,3,525,0.7841802047227959,0.8413452704708229,0.6200486379861838,0.3001894529179338,v1.2.16_random_split_3seed
random_5fold_3seed,random_5fold,NOEC,NOEC_Population,fold1;fold2;fold3;fold4;fold5,42;1042;2042,3,448,0.711866400177399,0.9628490398500932,0.6322902231541346,0.332336026429648,v1.2.16_random_split_3seed
random_5fold_3seed,random_5fold,NOEC,NOEC_Reproduction,fold1;fold2;fold3;fold4;fold5,42;1042;2042,3,981,0.7937750510277115,0.7790280604969636,0.5579187219098543,0.2550154004413434,v1.2.16_random_split_3seed
random_8_2_3seed,random_8_2,ECx,ECx_GeneticDamage,holdout,42;1042;2042,3,70,-0.0992502576652756,0.1762852698773133,0.1448099084897177,0.0155382481878585,v1.2.16_random_split_3seed
random_8_2_3seed,random_8_2,ECx,ECx_Growth,holdout,42;1042;2042,3,252,0.7800837771383259,0.7871971543171747,0.5416481426643258,0.2393627158707789,v1.2.16_random_split_3seed
random_8_2_3seed,random_8_2,ECx,ECx_Mortality,holdout,42;1042;2042,3,92,0.6295198307896794,1.0452348252131265,0.7211189631634661,0.3767015831960847,v1.2.16_random_split_3seed
random_8_2_3seed,random_8_2,ECx,ECx_Physiology,holdout,42;1042;2042,3,24,0.8439819455498789,0.7151184007477795,0.4381663872254755,0.2176195312826704,v1.2.16_random_split_3seed
random_8_2_3seed,random_8_2,ECx,ECx_Population,holdout,42;1042;2042,3,25,0.6445844727545775,0.7192745690198895,0.4651397195269628,0.2193270027349019,v1.2.16_random_split_3seed
random_8_2_3seed,random_8_2,ECx,ECx_Reproduction,holdout,42;1042;2042,3,117,0.8986070676348504,0.6183141725519344,0.47235568679619,0.172240273294743,v1.2.16_random_split_3seed
random_8_2_3seed,random_8_2,LOEC,LOEC_Accumulation,holdout,42;1042;2042,3,47,0.6737078046872105,0.972240277754668,0.7547894424571503,0.3823689885495884,v1.2.16_random_split_3seed
random_8_2_3seed,random_8_2,LOEC,LOEC_Behavior,holdout,42;1042;2042,3,4,0.8423532263302425,0.908385344458696,0.7744307064568218,0.3907055300464737,v1.2.16_random_split_3seed
random_8_2_3seed,random_8_2,LOEC,LOEC_Biochemical,holdout,42;1042;2042,3,317,0.7563595567147703,0.952576690757785,0.645725295663856,0.3330262231744254,v1.2.16_random_split_3seed
random_8_2_3seed,random_8_2,LOEC,LOEC_Development,holdout,42;1042;2042,3,43,0.5782238070332278,1.1335811858898823,0.7821004840421808,0.4509532423332572,v1.2.16_random_split_3seed
random_8_2_3seed,random_8_2,LOEC,LOEC_GeneticDamage,holdout,42;1042;2042,3,79,0.8922091796602549,0.7243124219619111,0.5562700849647,0.2365632106601893,v1.2.16_random_split_3seed
random_8_2_3seed,random_8_2,LOEC,LOEC_Growth,holdout,42;1042;2042,3,414,0.6942620030176277,0.9292694032798816,0.6483815329310414,0.3287908467783854,v1.2.16_random_split_3seed
random_8_2_3seed,random_8_2,LOEC,LOEC_Injury,holdout,42;1042;2042,3,13,0.7706966189576899,1.0090546644217764,0.5866045899190265,0.3158444103058621,v1.2.16_random_split_3seed
random_8_2_3seed,random_8_2,LOEC,LOEC_Morphology,holdout,42;1042;2042,3,17,0.8862139191395123,0.4913914859854389,0.4061939721274397,0.1206243315294911,v1.2.16_random_split_3seed
random_8_2_3seed,random_8_2,LOEC,LOEC_Mortality,holdout,42;1042;2042,3,30,0.7985101993240884,0.8304589767850878,0.6592244824014869,0.3247887962818152,v1.2.16_random_split_3seed
random_8_2_3seed,random_8_2,LOEC,LOEC_Physiology,holdout,42;1042;2042,3,103,0.7952950389016733,0.8148828929623473,0.5754447027109421,0.2794070081283047,v1.2.16_random_split_3seed
random_8_2_3seed,random_8_2,LOEC,LOEC_Population,holdout,42;1042;2042,3,96,0.8568597119613773,0.717861589949795,0.4926212074644304,0.2246282505363332,v1.2.16_random_split_3seed
random_8_2_3seed,random_8_2,LOEC,LOEC_Reproduction,holdout,42;1042;2042,3,133,0.7556696960452589,0.8756538743525717,0.6385642056580741,0.3190545176326359,v1.2.16_random_split_3seed
random_8_2_3seed,random_8_2,NOEC,NOEC_Accumulation,holdout,42;1042;2042,3,12,-0.0799574513090439,0.8878642634051274,0.7020245766059077,0.3358109166485,v1.2.16_random_split_3seed
random_8_2_3seed,random_8_2,NOEC,NOEC_Behavior,holdout,42;1042;2042,3,15,0.519040878284188,1.2199854063134326,1.1029550546827602,0.6436083002788071,v1.2.16_random_split_3seed
random_8_2_3seed,random_8_2,NOEC,NOEC_Biochemical,holdout,42;1042;2042,3,219,0.823414966279788,0.8700700234563081,0.6526585991320166,0.3134538524332904,v1.2.16_random_split_3seed
random_8_2_3seed,random_8_2,NOEC,NOEC_Development,holdout,42;1042;2042,3,44,0.8696144243201768,0.4901576002554788,0.3120781700023757,0.1115092075169199,v1.2.16_random_split_3seed
random_8_2_3seed,random_8_2,NOEC,NOEC_GeneticDamage,holdout,42;1042;2042,3,47,0.6381794770375646,0.8944123839248778,0.6949786524807561,0.3343572855691253,v1.2.16_random_split_3seed
random_8_2_3seed,random_8_2,NOEC,NOEC_Growth,holdout,42;1042;2042,3,453,0.739573524448894,0.9081469910795632,0.6570547611206091,0.3308970297394794,v1.2.16_random_split_3seed
random_8_2_3seed,random_8_2,NOEC,NOEC_Injury,holdout,42;1042;2042,3,9,0.5788016047254366,0.8062605441239193,0.5777140932155804,0.2893790322893719,v1.2.16_random_split_3seed
random_8_2_3seed,random_8_2,NOEC,NOEC_Morphology,holdout,42;1042;2042,3,21,0.8511581473657829,0.6237175337746044,0.5092472942963817,0.1932409338269422,v1.2.16_random_split_3seed
random_8_2_3seed,random_8_2,NOEC,NOEC_Mortality,holdout,42;1042;2042,3,76,0.7999171932143764,0.6386051490136627,0.4404695145730539,0.182050693137557,v1.2.16_random_split_3seed
random_8_2_3seed,random_8_2,NOEC,NOEC_Physiology,holdout,42;1042;2042,3,116,0.7742667665364674,0.859178589082849,0.6273926234940345,0.3133854801871446,v1.2.16_random_split_3seed
random_8_2_3seed,random_8_2,NOEC,NOEC_Population,holdout,42;1042;2042,3,80,0.7172618380371337,1.0773901225901388,0.7061835183706343,0.3950649672610606,v1.2.16_random_split_3seed
random_8_2_3seed,random_8_2,NOEC,NOEC_Reproduction,holdout,42;1042;2042,3,197,0.7091530943716824,0.9099215447130432,0.6083408514313821,0.299668629064665,v1.2.16_random_split_3seed
